UF,Reg,Ano,Quant_Beneficiario_PCD,Quant_Beneficiario_Total,Quant_Recurso_PCD,Quant_Recurso_Total,,
Rondônia,Norte,2003,7058,14345,3657873,39873912,,
Acre,Norte,2003,5472,7945,2025889,22066798,,
Amazonas,Norte,2003,20458,36607,9430242,102128785,,
Roraíma,Norte,2003,1443,2574,657103,7165125,,
Pará,Norte,2003,40249,73340,18470510,203874786,,
Amapá,Norte,2003,2761,6928,1764915,19265932,,
Tocantins,Norte,2003,6943,14807,3806484,41133497,,
Maranhão,Nordeste,2003,38907,75530,19335817,210105556,,
Piauí,Nordeste,2003,17431,24806,6096146,68730105,,
Ceará,Nordeste,2003,56426,91629,22909845,254650166,,
Rio Grande do Norte,Nordeste,2003,20442,28515,7049888,79035077,,
Paraíba,Nordeste,2003,28337,45573,11327904,126027520,,
Pernambuco,Nordeste,2003,74374,129928,32288878,360415562,,
Alagoas,Nordeste,2003,17175,31640,7978579,87875990,,
Sergipe,Nordeste,2003,11889,20073,4994780,55620663,,
Bahia,Nordeste,2003,86632,176826,44058952,490994905,,
Minas Gerais,Sudeste,2003,109103,195480,48323120,542794765,,
Espírito Santo,Sudeste,2003,14798,26919,6481559,74653875,,
Rio de Janeiro,Sudeste,2003,28224,81029,20567441,225278332,,
São Paulo,Sudeste,2003,101408,246178,63208537,685580791,,
Paraná,Sul,2003,37763,76575,19329116,212938444,,
Santa Catarina,Sul,2003,10237,18509,4944615,51617465,,
Rio Grande do Sul,Sul,2003,32579,62945,16189369,174897216,,
Mato Grosso do Sul,Centro Oeste,2003,10254,27840,7116189,77313315,,
Mato Grosso,Centro Oeste,2003,19168,40198,10122443,111638580,,
Goiás,Centro Oeste,2003,29429,57499,14408348,159555215,,
Distrito Federal,Centro Oeste,2003,9203,17260,4408200,47989130,,
Rondônia,Norte,2004,104200,191656,29009576,53458759,,
Acre,Norte,2004,78678,101192,21863530,28163134,,
Amazonas,Norte,2004,308510,474795,86091705,132632156,,
Roraíma,Norte,2004,21518,34047,6044373,9571177,,
Pará,Norte,2004,571249,924569,158657301,257448237,,
Amapá,Norte,2004,40406,92245,11225391,25684105,,
Tocantins,Norte,2004,108089,200540,30177430,56023406,,
Maranhão,Nordeste,2004,549983,964575,152590407,268401460,,
Piauí,Nordeste,2004,236025,293702,65121394,81240454,,
Ceará,Nordeste,2004,783848,1140446,216545532,316207455,,
Rio Grande do Norte,Nordeste,2004,284192,351466,78583490,97467325,,
Paraíba,Nordeste,2004,395797,559245,109217646,154510685,,
Pernambuco,Nordeste,2004,1019650,1597917,281814015,442953958,,
Alagoas,Nordeste,2004,244299,405706,68239123,113403194,,
Sergipe,Nordeste,2004,168375,246526,46574144,68321864,,
Bahia,Nordeste,2004,1211387,2205626,335983300,612508102,,
Minas Gerais,Sudeste,2004,1473125,2408909,407519011,668748212,,
Espírito Santo,Sudeste,2004,194295,322544,53831761,89634405,,
Rio de Janeiro,Sudeste,2004,416657,1086226,115794876,303369038,,
São Paulo,Sudeste,2004,1527475,3299757,425324662,921575713,,
Paraná,Sul,2004,545510,998654,151733497,278419267,,
Santa Catarina,Sul,2004,162032,259127,45169783,72319313,,
Rio Grande do Sul,Sul,2004,482375,843860,133978099,234858054,,
Mato Grosso do Sul,Centro Oeste,2004,153450,387929,42625420,108104293,,
Mato Grosso,Centro Oeste,2004,274781,522200,76179292,145243107,,
Goiás,Centro Oeste,2004,407041,748131,112721796,208202127,,
Distrito Federal,Centro Oeste,2004,134580,235987,37410938,65814014,,
Rondônia,Norte,2005,118749,224797,37388562,70651029,,
Acre,Norte,2005,87943,116726,27479126,36570015,,
Amazonas,Norte,2005,340171,543330,106826841,170705211,,
Roraíma,Norte,2005,26424,42791,8363958,13522532,,
Pará,Norte,2005,626431,1069455,196680707,336051277,,
Amapá,Norte,2005,47604,110899,15019005,34903703,,
Tocantins,Norte,2005,130494,245382,40940854,76959571,,
Maranhão,Nordeste,2005,599234,1119834,188205625,352130992,,
Piauí,Nordeste,2005,247808,323927,77481691,101429871,,
Ceará,Nordeste,2005,815700,1259876,254206677,393591626,,
Rio Grande do Norte,Nordeste,2005,308977,399239,96610435,125055099,,
Paraíba,Nordeste,2005,412909,608601,128570780,189714171,,
Pernambuco,Nordeste,2005,1079397,1773771,337418839,555402724,,
Alagoas,Nordeste,2005,278628,487268,87831809,153508127,,
Sergipe,Nordeste,2005,186532,278075,58263756,86898482,,
Bahia,Nordeste,2005,1298645,2450320,406302446,766943681,,
Minas Gerais,Sudeste,2005,1541620,2669703,482142891,835678397,,
Espírito Santo,Sudeste,2005,206846,363608,64721133,113873923,,
Rio de Janeiro,Sudeste,2005,470390,1322814,147569023,415483770,,
São Paulo,Sudeste,2005,1718874,3926255,539648729,1232218627,,
Paraná,Sul,2005,609468,1162367,191731405,365126518,,
Santa Catarina,Sul,2005,188341,308532,59274910,97017656,,
Rio Grande do Sul,Sul,2005,539595,981086,169329436,307666740,,
Mato Grosso do Sul,Centro Oeste,2005,175313,461610,55013481,144815409,,
Mato Grosso,Centro Oeste,2005,298673,598611,93700117,187781088,,
Goiás,Centro Oeste,2005,433369,867010,135915895,272167411,,
Distrito Federal,Centro Oeste,2005,151363,280134,47456600,87993797,,
Rondônia,Norte,2006,6075,11300,51654408,95271264,,
Acre,Norte,2006,4173,5696,34302497,47273759,,
Amazonas,Norte,2006,16035,26132,131490068,216291277,,
Roraíma,Norte,2006,1411,2277,12176303,19501435,,
Pará,Norte,2006,30207,52785,250166040,440639172,,619034
Amapá,Norte,2006,2488,5689,21205245,48160964,,
Tocantins,Norte,2006,6289,11924,52107844,99200889,,
Maranhão,Nordeste,2006,29016,55965,239331170,466734994,,
Piauí,Nordeste,2006,11457,15493,93427325,127770501,,
Ceará,Nordeste,2006,37745,60055,308025328,495179553,,
Rio Grande do Norte,Nordeste,2006,14717,19544,121486146,162388292,,
Paraíba,Nordeste,2006,18920,28670,155052090,236172269,,
Pernambuco,Nordeste,2006,50507,85433,413208267,705056539,,
Alagoas,Nordeste,2006,14221,25146,120870831,213507609,,
Sergipe,Nordeste,2006,9009,13495,74488287,111921777,,
Bahia,Nordeste,2006,61453,117558,506438596,972621229,,
Minas Gerais,Sudeste,2006,71878,126908,588496779,1045275070,,
Espírito Santo,Sudeste,2006,9767,17539,79904217,144574750,,
Rio de Janeiro,Sudeste,2006,23328,66634,195060616,560399521,,
São Paulo,Sudeste,2006,83535,192722,691789300,1600517665,,
Paraná,Sul,2006,29666,56712,247484753,472723000,,
Santa Catarina,Sul,2006,9577,15618,81267964,131844171,,
Rio Grande do Sul,Sul,2006,26420,48252,219913373,402902319,,
Mato Grosso do Sul,Centro Oeste,2006,8635,22809,71914186,189912393,,
Mato Grosso,Centro Oeste,2006,14283,28974,117306392,239173791,,
Goiás,Centro Oeste,2006,20825,42821,172851054,356984754,,
Distrito Federal,Centro Oeste,2006,7399,14079,61122948,116788630,,
Rondônia,Norte,2007,14534,26187,65215263,117505336,,
Acre,Norte,2007,8974,12604,40164996,56454699,,
Amazonas,Norte,2007,33564,56548,150612486,253784125,,
Roraíma,Norte,2007,3646,5663,16386469,25440000,,
Pará,Norte,2007,65269,118243,292930971,530809777,,
Amapá,Norte,2007,5906,13028,26483999,58441875,,
Tocantins,Norte,2007,13599,26172,61006368,117442358,,
Maranhão,Nordeste,2007,61708,124666,276790082,559463629,,
Piauí,Nordeste,2007,23676,33550,106164767,150463032,,
Ceará,Nordeste,2007,78630,129675,352206574,581137922,,
Rio Grande do Norte,Nordeste,2007,31393,42915,140586536,192266922,,
Paraíba,Nordeste,2007,40033,61981,179259141,277510154,,
Pernambuco,Nordeste,2007,106190,184582,475754247,827483102,,
Alagoas,Nordeste,2007,35611,62094,159854230,278726768,,
Sergipe,Nordeste,2007,19732,29886,88322756,133824730,,
Bahia,Nordeste,2007,130508,253362,584920839,1136020646,,
Minas Gerais,Sudeste,2007,150030,270509,671920646,1212271130,,
Espírito Santo,Sudeste,2007,20644,38139,92439250,170914009,,
Rio de Janeiro,Sudeste,2007,53222,154614,238735980,693825633,,
São Paulo,Sudeste,2007,181221,421532,812019780,1890113111,,
Paraná,Sul,2007,66363,126439,297663222,567206989,,
Santa Catarina,Sul,2007,22795,36555,102269001,163989774,,
Rio Grande do Sul,Sul,2007,58825,108466,263385492,485882222,,
Mato Grosso do Sul,Centro Oeste,2007,18955,50168,84981456,224997957,,
Mato Grosso,Centro Oeste,2007,29952,62172,134231624,278633928,,
Goiás,Centro Oeste,2007,45063,95412,202090411,427953355,,
Distrito Federal,Centro Oeste,2007,15775,30306,70633646,135781744,,
Rondônia,Norte,2008,16325,28842,80093673,141523207,,
Acre,Norte,2008,9902,13985,48486462,68523926,,
Amazonas,Norte,2008,35243,60643,173009608,297752756,,
Roraíma,Norte,2008,4322,6532,21229060,32082112,,
Pará,Norte,2008,68782,128451,337640480,630652823,,
Amapá,Norte,2008,6603,14294,32392348,70160146,,
Tocantins,Norte,2008,14322,27692,70273901,135909749,,
Maranhão,Nordeste,2008,65934,136357,323554801,669396476,,
Piauí,Nordeste,2008,25506,37200,125151387,182545664,,
Ceará,Nordeste,2008,84520,140563,414195986,689130678,,
Rio Grande do Norte,Nordeste,2008,32464,45495,159014406,222926423,,
Paraíba,Nordeste,2008,42396,66206,207661051,324272704,,
Pernambuco,Nordeste,2008,113939,199114,558310901,976266527,,
Alagoas,Nordeste,2008,43426,72789,213186569,357267084,,
Sergipe,Nordeste,2008,21684,32954,106159159,161375975,,
Bahia,Nordeste,2008,140306,273046,687982372,1339326205,,
Minas Gerais,Sudeste,2008,159185,287903,779918322,1411323370,,
Espírito Santo,Sudeste,2008,22447,41877,109977714,205278324,,
Rio de Janeiro,Sudeste,2008,62276,178787,305559732,877617604,,
São Paulo,Sudeste,2008,199085,461611,975802366,2264197221,,
Paraná,Sul,2008,73235,138558,359398474,680096020,,
Santa Catarina,Sul,2008,25604,40875,125609861,200522269,,
Rio Grande do Sul,Sul,2008,65621,120710,321446341,591588529,,
Mato Grosso do Sul,Centro Oeste,2008,20679,54191,101455748,265930479,,
Mato Grosso,Centro Oeste,2008,31163,65683,152821588,322146377,,
Goiás,Centro Oeste,2008,48496,103538,237927481,507971493,,
Distrito Federal,Centro Oeste,2008,16841,32646,82470526,160004550,,
Rondônia,Norte,2009,17762,31007,98073624,171289068,,
Acre,Norte,2009,10880,15463,59930861,85262129,,
Amazonas,Norte,2009,36928,65470,204185156,362067380,,
Roraíma,Norte,2009,4783,7186,26441162,39726875,,
Pará,Norte,2009,71780,139529,396891556,771624204,,
Amapá,Norte,2009,7321,15754,40451126,87094526,,
Tocantins,Norte,2009,15320,29664,84647243,163954306,,
Maranhão,Nordeste,2009,70899,148536,391786722,821145764,,
Piauí,Nordeste,2009,27946,41803,154431114,231019156,,
Ceará,Nordeste,2009,91256,153263,503631165,846237208,,
Rio Grande do Norte,Nordeste,2009,33865,48513,186775311,267670253,,
Paraíba,Nordeste,2009,44889,70401,247592992,388392727,,
Pernambuco,Nordeste,2009,122104,213839,673702591,1180640402,,
Alagoas,Nordeste,2009,51122,82340,282505347,455005003,,
Sergipe,Nordeste,2009,23618,35928,130204287,198130632,,
Bahia,Nordeste,2009,149369,292940,824790662,1618170645,,
Minas Gerais,Sudeste,2009,167047,303735,921496704,1676655689,,
Espírito Santo,Sudeste,2009,23785,44775,131215449,247143531,,
Rio de Janeiro,Sudeste,2009,71293,204473,393829424,1130050265,,
São Paulo,Sudeste,2009,218199,507298,1204115051,2801954862,,
Paraná,Sul,2009,78975,149166,436395966,824492342,,
Santa Catarina,Sul,2009,28112,44933,155271696,248191330,,
Rio Grande do Sul,Sul,2009,72911,132617,402073816,731734021,,
Mato Grosso do Sul,Centro Oeste,2009,22608,58427,124904761,322912348,,
Mato Grosso,Centro Oeste,2009,32094,68580,177238900,378794394,,
Goiás,Centro Oeste,2009,51887,111226,286667559,614536532,,
Distrito Federal,Centro Oeste,2009,17979,35434,99085896,195517023,,
Rondônia,Norte,2010,20509,806031,84218868,201945164,,
Acre,Norte,2010,12308,491091,31034055,103136566,,
Amazonas,Norte,2010,41908,1664699,192557318,432451518,,
Roraíma,Norte,2010,5585,222837,15774966,48453647,,
Pará,Norte,2010,83712,3266827,450952934,924119924,,
Amapá,Norte,2010,8731,338645,55615893,104274302,,
Tocantins,Norte,2010,17785,694736,93139014,193790214,,
Maranhão,Nordeste,2010,84742,3251312,510492819,984335541,,
Piauí,Nordeste,2010,32231,1274402,95487471,283768191,,
Ceará,Nordeste,2010,107147,4185148,408840023,1026150337,,
Rio Grande do Norte,Nordeste,2010,37991,1525822,98880547,321771366,,
Paraíba,Nordeste,2010,51020,2030848,166199191,462678256,,
Pernambuco,Nordeste,2010,141387,5560760,591136760,1401694783,,
Alagoas,Nordeste,2010,61485,2409308,199300606,555956688,,
Sergipe,Nordeste,2010,27372,1082626,79958904,239383575,,
Bahia,Nordeste,2010,175274,6835275,933887557,1923768212,,
Minas Gerais,Sudeste,2010,190128,7520121,873328156,1957841509,,
Espírito Santo,Sudeste,2010,27450,1073661,136866669,292493056,,
Rio de Janeiro,Sudeste,2010,93905,3438690,873923591,1372846211,,
São Paulo,Sudeste,2010,265195,10121124,1887096955,3344862047,,
Paraná,Sul,2010,91705,3600817,455478915,976666488,,
Santa Catarina,Sul,2010,32232,1273635,111176121,297943594,,
Rio Grande do Sul,Sul,2010,86902,3373956,384304513,880006418,,
Mato Grosso do Sul,Centro Oeste,2010,28564,1059860,228700791,383226847,,
Mato Grosso,Centro Oeste,2010,36733,1441654,230397139,435244472,,
Goiás,Centro Oeste,2010,61594,2368526,378524316,721960688,,
Distrito Federal,Centro Oeste,2010,20953,810138,115504832,233263412,,
Rondônia,Norte,2011,20853,35043,92598743,228448885,,
Acre,Norte,2011,12852,18371,35983876,119478960,,
Amazonas,Norte,2011,41684,75635,221657648,493720614,,
Roraíma,Norte,2011,5896,8671,18033156,56313932,,
Pará,Norte,2011,84228,161339,503330115,1053096192,,
Amapá,Norte,2011,8545,18143,62629646,118345062,,
Tocantins,Norte,2011,17821,33591,102895015,219081713,,
Maranhão,Nordeste,2011,83785,170322,564912416,1111458831,,
Piauí,Nordeste,2011,33627,50640,110972461,330312172,,
Ceará,Nordeste,2011,110782,182145,465419931,1187184530,,
Rio Grande do Norte,Nordeste,2011,39129,56705,114568543,369270028,,
Paraíba,Nordeste,2011,52318,81146,187904462,528578439,,
Pernambuco,Nordeste,2011,142970,243749,656967070,1587434400,,
Alagoas,Nordeste,2011,64093,98200,221813669,638443544,,
Sergipe,Nordeste,2011,28800,42454,88930033,276085093,,
Bahia,Nordeste,2011,175486,335890,1046291278,2190164140,,
Minas Gerais,Sudeste,2011,189062,336807,963301639,2194265994,,
Espírito Santo,Sudeste,2011,27386,51113,154699875,332951933,,
Rio de Janeiro,Sudeste,2011,90540,240290,976743619,1566690562,,
São Paulo,Sudeste,2011,258504,582993,2116681842,3799643334,,
Paraná,Sul,2011,91162,168977,507796904,1102282705,,
Santa Catarina,Sul,2011,33938,53283,126073542,347128163,,
Rio Grande do Sul,Sul,2011,88999,154880,429223951,1008130997,,
Mato Grosso do Sul,Centro Oeste,2011,28255,66723,250947398,435166979,,
Mato Grosso,Centro Oeste,2011,35699,74210,251121832,483796550,,
Goiás,Centro Oeste,2011,60643,124099,413909629,809418856,,
Distrito Federal,Centro Oeste,2011,21045,41149,131096370,267946215,,
Rondônia,Norte,2012,11061,18339,108785209,274163092,,
Acre,Norte,2012,22213,36798,43126029,144547366,,
Amazonas,Norte,2012,13720,19536,269998776,597902141,,
Roraíma,Norte,2012,43960,80143,21854852,68542700,,
Pará,Norte,2012,6359,9332,592683073,1264846682,,
Amapá,Norte,2012,90114,169558,73859826,141907200,,
Tocantins,Norte,2012,9133,19037,118251053,258831762,,
Maranhão,Nordeste,2012,18868,34731,650239991,1309292185,,
Piauí,Nordeste,2012,88398,175544,136434521,407183871,,
Ceará,Nordeste,2012,36322,54622,564161372,1456779514,,
Rio Grande do Norte,Nordeste,2012,119870,195558,140609164,452411825,,
Paraíba,Nordeste,2012,41913,60786,225030765,639393145,,
Pernambuco,Nordeste,2012,55688,85894,776622863,1900710091,,
Alagoas,Nordeste,2012,151115,255332,253241184,755768350,,
Sergipe,Nordeste,2012,67585,101622,105693506,334986076,,
Bahia,Nordeste,2012,30874,45074,1246979225,2643129229,,
Minas Gerais,Sudeste,2012,187403,354662,1135565877,2617692450,,
Espírito Santo,Sudeste,2012,199210,351615,185718458,399474950,,
Rio de Janeiro,Sudeste,2012,28742,53666,1162806604,1888754444,,
São Paulo,Sudeste,2012,97505,253492,2505624280,4542896130,,
Paraná,Sul,2012,273841,609933,602199155,1312359488,,
Santa Catarina,Sul,2012,95292,176038,151277888,424306153,,
Rio Grande do Sul,Sul,2012,36694,57007,509341591,1220961739,,
Mato Grosso do Sul,Centro Oeste,2012,95750,164164,293299599,520071298,,
Mato Grosso,Centro Oeste,2012,30439,69782,290348407,571444568,,
Goiás,Centro Oeste,2012,37736,76695,483986836,963395625,,
Distrito Federal,Centro Oeste,2012,64319,129233,157165554,323182580,,
Rondônia,Norte,2013,22337,43431,189822099,310268036,,
Acre,Norte,2013,14603,20706,117374076,166552991,,
Amazonas,Norte,2013,46260,84518,376041268,687218944,,
Roraíma,Norte,2013,6765,9971,54393486,80215263,,
Pará,Norte,2013,95457,177675,776013320,1444583384,,
Amapá,Norte,2013,9844,20200,79965662,164138424,,
Tocantins,Norte,2013,19723,35608,160156863,289210300,,
Maranhão,Nordeste,2013,94515,182798,768093536,1486099125,,
Piauí,Nordeste,2013,39161,58555,318164960,475791576,,
Ceará,Nordeste,2013,128984,209339,1046835228,1699764895,,
Rio Grande do Norte,Nordeste,2013,44184,64452,358306428,522902120,,
Paraíba,Nordeste,2013,59451,91114,482231313,739343027,,
Pernambuco,Nordeste,2013,158445,266682,1284903812,2164403693,,
Alagoas,Nordeste,2013,70528,105061,572695570,853271684,,
Sergipe,Nordeste,2013,32988,47782,266947163,386917873,,
Bahia,Nordeste,2013,198429,373232,1611251376,3031696138,,
Minas Gerais,Sudeste,2013,210867,374233,1709855748,3036610358,,
Espírito Santo,Sudeste,2013,30202,56534,244740871,458575374,,
Rio de Janeiro,Sudeste,2013,104204,267501,845578749,2172483550,,
São Paulo,Sudeste,2013,288650,635769,2340450941,5161261581,,
Paraná,Sul,2013,99856,183633,811005812,1491992790,,
Santa Catarina,Sul,2013,39374,60752,319242580,492753019,,
Rio Grande do Sul,Sul,2013,102368,173207,829059906,1403947657,,
Mato Grosso do Sul,Centro Oeste,2013,32584,73060,264619111,593553159,,
Mato Grosso,Centro Oeste,2013,39366,78377,319587844,636441543,,
Goiás,Centro Oeste,2013,67901,134127,551622908,1089843304,,
Distrito Federal,Centro Oeste,2013,23711,45938,192029315,372497137,,
Rondônia,Norte,2014,24808,39880,214205894,344579936,,
Acre,Norte,2014,15367,21729,131975413,186745558,,
Amazonas,Norte,2014,48514,88722,421045893,770222727,,
Roraíma,Norte,2014,7267,10790,62945662,93512407,,
Pará,Norte,2014,101587,186730,881796007,1621095634,,
Amapá,Norte,2014,10629,21455,92200268,186175456,,
Tocantins,Norte,2014,20770,36633,180107916,317712029,,
Maranhão,Nordeste,2014,100845,190305,875133603,1652015139,,
Piauí,Nordeste,2014,42494,62831,368643121,545150840,,
Ceará,Nordeste,2014,138310,223410,1198699864,1937112991,,
Rio Grande do Norte,Nordeste,2014,47175,69069,408524990,598395511,,
Paraíba,Nordeste,2014,63428,96708,549356249,837920226,,
Pernambuco,Nordeste,2014,165014,277799,1428864669,2407492186,,
Alagoas,Nordeste,2014,72966,107581,632563077,932855373,,
Sergipe,Nordeste,2014,35357,50810,305491534,439256614,,
Bahia,Nordeste,2014,209643,390955,1817640596,3390856521,,
Minas Gerais,Sudeste,2014,225210,398017,1949967120,3448626084,,
Espírito Santo,Sudeste,2014,31696,59262,274157529,513166943,,
Rio de Janeiro,Sudeste,2014,111769,283260,968535346,2456688960,,
São Paulo,Sudeste,2014,302076,658509,2615197588,5708222151,,
Paraná,Sul,2014,103660,189961,898845374,1647926540,,
Santa Catarina,Sul,2014,41767,64210,361614813,556123552,,
Rio Grande do Sul,Sul,2014,108214,181188,935681233,1568084198,,
Mato Grosso do Sul,Centro Oeste,2014,34683,76261,300757109,661578806,,
Mato Grosso,Centro Oeste,2014,40836,79788,354051799,691899615,,
Goiás,Centro Oeste,2014,72172,139377,626051467,1209255421,,
Distrito Federal,Centro Oeste,2014,24994,48367,216133000,418757995,,
Rondônia,Norte,2015,25803,41057,241297530,384190613,,
Acre,Norte,2015,16137,22695,150654932,212077214,,
Amazonas,Norte,2015,50343,92274,475253431,871483835,,
Roraíma,Norte,2015,7688,11488,72465292,108355221,,
Pará,Norte,2015,107455,195625,1015158044,1848415303,,
Amapá,Norte,2015,11306,22578,106723329,213216713,,
Tocantins,Norte,2015,21311,37015,201159224,349390698,,
Maranhão,Nordeste,2015,106188,195644,1002938600,1848390786,,
Piauí,Nordeste,2015,45325,66415,427944749,627152901,,
Ceará,Nordeste,2015,145603,234432,1373420806,2212293709,,
Rio Grande do Norte,Nordeste,2015,49722,72969,468668905,688080036,,
Paraíba,Nordeste,2015,66794,101517,629618602,957378434,,
Pernambuco,Nordeste,2015,171018,287444,1611677898,2711214609,,
Alagoas,Nordeste,2015,74528,109122,703148160,1029762490,,
Sergipe,Nordeste,2015,37446,53379,352102577,502217545,,
Bahia,Nordeste,2015,218695,404794,2063570834,3820965046,,
Minas Gerais,Sudeste,2015,237019,415227,2233427145,3915503837,,
Espírito Santo,Sudeste,2015,33179,62031,312350287,584608717,,
Rio de Janeiro,Sudeste,2015,118543,297574,1118174094,2809125511,,
São Paulo,Sudeste,2015,313511,677898,2953774401,6395187656,,
Paraná,Sul,2015,106420,194528,1004041201,1836359760,,
Santa Catarina,Sul,2015,43862,67119,413257084,632645162,,
Rio Grande do Sul,Sul,2015,112388,187052,1057380254,1761513027,,
Mato Grosso do Sul,Centro Oeste,2015,36176,78308,341399969,739277219,,
Mato Grosso,Centro Oeste,2015,41535,80310,391975810,758040464,,
Goiás,Centro Oeste,2015,75669,143535,714360443,1355290438,,
Distrito Federal,Centro Oeste,2015,25960,50269,244287373,473655904,,
Rondônia,Norte,2016,26963,42374,281928288,443329920,,
Acre,Norte,2016,17051,23903,177669835,249285281,,
Amazonas,Norte,2016,52560,95945,553939664,1011701596,,
Roraíma,Norte,2016,8038,12083,84543547,127200940,,
Pará,Norte,2016,112351,202778,1185326505,2139704287,,
Amapá,Norte,2016,12189,23904,128482070,252094502,,
Tocantins,Norte,2016,21777,37375,229570434,393998758,,
Maranhão,Nordeste,2016,109423,195775,1154215589,2065573307,,
Piauí,Nordeste,2016,48007,70098,506101041,739136374,,
Ceará,Nordeste,2016,151562,244106,1596566175,2572564832,,
Rio Grande do Norte,Nordeste,2016,52556,76953,553156037,810348031,,
Paraíba,Nordeste,2016,69756,105793,734277953,1114193638,,
Pernambuco,Nordeste,2016,174826,294911,1839904396,3106510143,,
Alagoas,Nordeste,2016,75478,109809,795153579,1157118079,,
Sergipe,Nordeste,2016,39282,55577,412540765,583983905,,
Bahia,Nordeste,2016,225548,416761,2376440580,4393049181,,
Minas Gerais,Sudeste,2016,246787,430210,2596752623,4530230074,,
Espírito Santo,Sudeste,2016,34568,64755,363358140,681472341,,
Rio de Janeiro,Sudeste,2016,123408,308813,1299703973,3255301812,,
São Paulo,Sudeste,2016,324164,697301,3410549219,7345757138,,
Paraná,Sul,2016,108959,199182,1147701502,2099379726,,
Santa Catarina,Sul,2016,45973,70026,483689119,737066282,,
Rio Grande do Sul,Sul,2016,116125,192255,1219905318,2021687419,,
Mato Grosso do Sul,Centro Oeste,2016,37651,80501,396723723,848659393,,
Mato Grosso,Centro Oeste,2016,42499,81362,447903693,857639171,,
Goiás,Centro Oeste,2016,78710,147512,829824159,1555569074,,
Distrito Federal,Centro Oeste,2016,26682,51796,280376555,545041713,,
Rondônia,Norte,2017,28121,43687,313981969,488065961,,
Acre,Norte,2017,17897,25016,198735628,278062078,,
Amazonas,Norte,2017,54632,99480,613152605,1117060486,,
Roraíma,Norte,2017,8417,12642,94204687,141650467,,
Pará,Norte,2017,116850,208911,1312631607,2347231077,,
Amapá,Norte,2017,13004,25076,145930856,281570415,,
Tocantins,Norte,2017,22556,38074,253174113,427370427,,
Maranhão,Nordeste,2017,113273,195710,1272157065,2198515882,,
Piauí,Nordeste,2017,50932,73896,571675998,829599964,,
Ceará,Nordeste,2017,159428,255704,1788277815,2869424512,,
Rio Grande do Norte,Nordeste,2017,55421,80746,621088805,905375036,,
Paraíba,Nordeste,2017,72910,110145,817284190,1235273496,,
Pernambuco,Nordeste,2017,180269,304207,2020207894,3412245961,,
Alagoas,Nordeste,2017,77389,111445,868062623,1250393252,,
Sergipe,Nordeste,2017,41037,57767,458995542,646400279,,
Bahia,Nordeste,2017,235747,432481,2644682934,4854015197,,
Minas Gerais,Sudeste,2017,258744,447815,2898385394,5020631438,,
Espírito Santo,Sudeste,2017,36288,67933,406132806,761206063,,
Rio de Janeiro,Sudeste,2017,130599,324725,1464376049,3644635505,,
São Paulo,Sudeste,2017,337031,720192,3775054940,8077694254,,
Paraná,Sul,2017,112470,204862,1261321204,2298873181,,
Santa Catarina,Sul,2017,48762,73869,546204374,827796067,,
Rio Grande do Sul,Sul,2017,120625,197901,1348893849,2215523147,,
Mato Grosso do Sul,Centro Oeste,2017,39203,82399,439736328,924861014,,
Mato Grosso,Centro Oeste,2017,43840,83050,491941185,932123735,,
Goiás,Centro Oeste,2017,81848,151387,918776963,1699906680,,
Distrito Federal,Centro Oeste,2017,27796,54176,310925447,606910237,,
Rondônia,Norte,2018,29164,44879,332816867,512465154,,
Acre,Norte,2018,18474,25710,209479068,291886032,,
Amazonas,Norte,2018,56416,102485,644876857,1172010975,,
Roraíma,Norte,2018,8552,12835,97414244,146404341,,
Pará,Norte,2018,119657,211958,1368530863,2424648712,,
Amapá,Norte,2018,13511,25738,154405716,294300980,,
Tocantins,Norte,2018,23330,38798,266608212,443414589,,
Maranhão,Nordeste,2018,116249,194247,1329178146,2221582408,,
Piauí,Nordeste,2018,53312,76489,609272532,874326661,,
Ceará,Nordeste,2018,167302,266989,1910774062,3050572781,,
Rio Grande do Norte,Nordeste,2018,57520,83606,656318092,954484331,,
Paraíba,Nordeste,2018,75537,113640,862157723,1297694055,,
Pernambuco,Nordeste,2018,184923,312179,2110229871,3565537198,,
Alagoas,Nordeste,2018,79651,113396,909647966,1295363328,,
Sergipe,Nordeste,2018,43145,60314,491293626,687141106,,
Bahia,Nordeste,2018,245097,446106,2799548237,5097970422,,
Minas Gerais,Sudeste,2018,268107,462027,3057539584,5273833991,,
Espírito Santo,Sudeste,2018,37923,71146,432135521,811704480,,
Rio de Janeiro,Sudeste,2018,135987,336808,1552209570,3848598118,,
São Paulo,Sudeste,2018,346242,740247,3948511792,8453160507,,
Paraná,Sul,2018,114700,208949,1309358649,2386902718,,
Santa Catarina,Sul,2018,50967,76989,581086271,878201505,,
Rio Grande do Sul,Sul,2018,123541,201142,1406227177,2292334466,,
Mato Grosso do Sul,Centro Oeste,2018,40213,83393,459249273,953018942,,
Mato Grosso,Centro Oeste,2018,44578,83956,509308168,959463305,,
Goiás,Centro Oeste,2018,83923,154152,959204019,1762446737,,
Distrito Federal,Centro Oeste,2018,28556,55565,325248472,633832483,,
Rondônia,Norte,2019,22473,44886,352042989,538545794,,
Acre,Norte,2019,12905,25788,222470620,309439185,,
Amazonas,Norte,2019,52432,104676,691202369,1255520369,,
Roraíma,Norte,2019,6543,12973,102273204,155667437,,
Pará,Norte,2019,106266,211865,1439111768,2541709452,,
Amapá,Norte,2019,12987,25968,165310910,311530808,,
Tocantins,Norte,2019,19536,39157,286450589,469635919,,
Maranhão,Nordeste,2019,93842,189153,1405466437,2270336671,,
Piauí,Nordeste,2019,38745,77772,660455621,932917603,,
Ceará,Nordeste,2019,136531,273216,2062724616,3276694304,,
Rio Grande do Norte,Nordeste,2019,42476,84935,700857253,1018709714,,
Paraíba,Nordeste,2019,57816,115694,924743088,1387837181,,
Pernambuco,Nordeste,2019,155823,311331,2223907228,3735254068,,
Alagoas,Nordeste,2019,56753,113570,968448884,1362576068,,
Sergipe,Nordeste,2019,30846,61853,535746870,741735218,,
Bahia,Nordeste,2019,224800,450127,2996049398,5399497240,,
Minas Gerais,Sudeste,2019,231758,463485,3247376740,5560231862,,
Espírito Santo,Sudeste,2019,36192,72322,462461535,868032603,,
Rio de Janeiro,Sudeste,2019,167771,335304,1632629659,4026984291,,
São Paulo,Sudeste,2019,373232,745103,4175921210,8945831972,,
Paraná,Sul,2019,105577,210574,1378671710,2526699840,,
Santa Catarina,Sul,2019,39072,78104,621000829,937409901,,
Rio Grande do Sul,Sul,2019,100999,201382,1484711951,2417644295,,
Mato Grosso do Sul,Centro Oeste,2019,42036,84184,491563526,1010119893,,
Mato Grosso,Centro Oeste,2019,41828,83425,533082563,1001061798,,
Goiás,Centro Oeste,2019,77766,155546,1021468613,1866499117,,
Distrito Federal,Centro Oeste,2019,27449,54732,338783645,657347796,,
Rondônia,Norte,2020,22296,44611,362148441,560653821,,
Acre,Norte,2020,12841,25736,231070512,323293447,,
Amazonas,Norte,2020,52960,105799,718750291,1329568421,,
Roraíma,Norte,2020,6514,12956,102890245,162842866,,
Pará,Norte,2020,107735,214755,1485573087,2697537903,,
Amapá,Norte,2020,13101,26194,171840767,329028026,,
Tocantins,Norte,2020,19767,39480,299036609,495964162,,
Maranhão,Nordeste,2020,90908,182116,1446916461,2287645478,,
Piauí,Nordeste,2020,38915,77970,695059072,979104174,,
Ceará,Nordeste,2020,139550,278742,2179362525,3500955171,,
Rio Grande do Norte,Nordeste,2020,43147,86063,734766443,1080730789,,
Paraíba,Nordeste,2020,59269,118317,979666337,1485964551,,
Pernambuco,Nordeste,2020,156910,312553,2305949895,3926946710,,
Alagoas,Nordeste,2020,55821,111797,1002065234,1404539982,,
Sergipe,Nordeste,2020,31432,62963,569230620,790557676,,
Bahia,Nordeste,2020,226868,452975,3128460224,5689778891,,
Minas Gerais,Sudeste,2020,233048,464010,3344689264,5830149377,,
Espírito Santo,Sudeste,2020,36687,73010,475479090,917578839,,
Rio de Janeiro,Sudeste,2020,171922,341276,1671062178,4292239258,,
São Paulo,Sudeste,2020,376003,747728,4298109265,9403502389,,
Paraná,Sul,2020,106878,212162,1418051412,2666753316,,
Santa Catarina,Sul,2020,39165,77898,640047422,979712679,,
Rio Grande do Sul,Sul,2020,100888,200777,1529598848,2524156206,,
Mato Grosso do Sul,Centro Oeste,2020,42461,84701,509411337,1064604881,,
Mato Grosso,Centro Oeste,2020,41913,83644,546953419,1051428141,,
Goiás,Centro Oeste,2020,78379,156610,1061462187,1968143479,,
Distrito Federal,Centro Oeste,2020,27116,54174,344516610,681453034,,
Rondônia,Norte,2021,22310,44484,379383300,587883812,,
Acre,Norte,2021,12834,25549,240617198,337495068,,
Amazonas,Norte,2021,53117,106130,757900371,1402045315,,
Roraíma,Norte,2021,6762,13431,110016549,177493769,,
Pará,Norte,2021,110660,220455,1589938736,2911957076,,
Amapá,Norte,2021,13341,26657,184496813,352107355,,
Tocantins,Norte,2021,19870,39755,316265583,525262665,,
Maranhão,Nordeste,2021,89595,179800,1517646722,2374543341,,
Piauí,Nordeste,2021,39385,78948,740765517,1042805858,,
Ceará,Nordeste,2021,141957,283569,2319868417,3745906311,,
Rio Grande do Norte,Nordeste,2021,43733,87048,773703220,1149859613,,
Paraíba,Nordeste,2021,60204,120274,1041190047,1588799610,,
Pernambuco,Nordeste,2021,156449,312570,2407042043,4129188931,,
Alagoas,Nordeste,2021,55856,112064,1061033279,1480477508,,
Sergipe,Nordeste,2021,31973,64031,608285054,845763617,,
Bahia,Nordeste,2021,227967,454986,3291542204,6010558115,,
Minas Gerais,Sudeste,2021,232505,464332,3496937661,6135712653,,
Espírito Santo,Sudeste,2021,37440,74520,501822083,984624784,,
Rio de Janeiro,Sudeste,2021,176184,349991,1752046030,4625542717,,
São Paulo,Sudeste,2021,379330,752287,4446728245,9943184718,,
Paraná,Sul,2021,107792,214191,1461181806,2830922340,,
Santa Catarina,Sul,2021,39191,78312,667822430,1035246444,,
Rio Grande do Sul,Sul,2021,101350,202557,1599754016,2677184431,,
Mato Grosso do Sul,Centro Oeste,2021,42514,84891,534082858,1121840217,,
Mato Grosso,Centro Oeste,2021,41766,83222,567030937,1099750068,,
Goiás,Centro Oeste,2021,78885,157444,1116796566,2080259396,,
Distrito Federal,Centro Oeste,2021,27138,54224,362046651,716494212,,
Rondônia,Norte,2022,22582,45101,420667032,656451803,,
Acre,Norte,2022,12967,26135,269727338,380339853,,
Amazonas,Norte,2022,55471,110535,863393704,1608631792,,
Roraíma,Norte,2022,7220,14265,124486576,207632696,,
Pará,Norte,2022,116049,231322,1816518899,3366133387,,
Amapá,Norte,2022,13925,27854,212494409,405310337,,
Tocantins,Norte,2022,20262,40759,359229203,593171355,,
Maranhão,Nordeste,2022,88425,178112,1675729378,2591583938,,
Piauí,Nordeste,2022,40049,80732,835667276,1174796633,,
Ceará,Nordeste,2022,149186,299346,2679386588,4356246336,,
Rio Grande do Norte,Nordeste,2022,45006,90444,873082302,1316214117,,
Paraíba,Nordeste,2022,62086,124541,1178542077,1812438719,,
Pernambuco,Nordeste,2022,161658,323631,2726458450,4709928008,,
Alagoas,Nordeste,2022,56448,113294,1185445151,1648887120,,
Sergipe,Nordeste,2022,33027,66562,696372936,968641426,,
Bahia,Nordeste,2022,235418,470750,3727333300,6850980195,,
Minas Gerais,Sudeste,2022,238631,479608,3988435063,6980935203,,
Espírito Santo,Sudeste,2022,39277,78249,572330915,1139018408,,
Rio de Janeiro,Sudeste,2022,187859,372542,2056000281,5423697550,,
São Paulo,Sudeste,2022,400221,797104,5107205748,11604543001,,
Paraná,Sul,2022,110989,221202,1639761223,3220156198,,
Santa Catarina,Sul,2022,40450,81261,761805799,1183009679,,
Rio Grande do Sul,Sul,2022,104513,209631,1821978593,3051993724,,
Mato Grosso do Sul,Centro Oeste,2022,43837,87330,606762034,1271195176,,
Mato Grosso,Centro Oeste,2022,43359,86077,641602478,1252926033,,
Goiás,Centro Oeste,2022,81202,161751,1258135441,2354531309,,
Distrito Federal,Centro Oeste,2022,27730,55399,409133233,806393258,,
Rondônia,Norte,2023,24360,49397,496979749,779552372,,
Acre,Norte,2023,14066,28540,318681567,450321077,,
Amazonas,Norte,2023,61506,123891,1051072264,1955131523,,
Roraíma,Norte,2023,9006,17635,154154696,278342654,,
Pará,Norte,2023,129153,260306,2214394269,4107171365,,
Amapá,Norte,2023,15428,31322,264219950,494219499,,
Tocantins,Norte,2023,22043,44932,435378661,709058100,,
Maranhão,Nordeste,2023,92615,187573,1949208845,2958847818,,
Piauí,Nordeste,2023,43384,88212,995730745,1391733783,,
Ceará,Nordeste,2023,165765,335177,3257215600,5288676254,,
Rio Grande do Norte,Nordeste,2023,50078,101179,1050914672,1596452086,,
Paraíba,Nordeste,2023,68101,137812,1416885150,2174448800,,
Pernambuco,Nordeste,2023,176703,355129,3234848027,5603737333,,
Alagoas,Nordeste,2023,59012,119391,1358000610,1883940173,,
Sergipe,Nordeste,2023,35767,72318,817282944,1141009421,,
Bahia,Nordeste,2023,255590,514070,4432758294,8111775493,,
Minas Gerais,Sudeste,2023,261580,526798,4782662981,8314163636,,
Espírito Santo,Sudeste,2023,44300,89211,710725119,1408162897,,
Rio de Janeiro,Sudeste,2023,214742,427229,2610788245,6744938957,,
São Paulo,Sudeste,2023,444307,886940,6155093660,14000824379,,
Paraná,Sul,2023,120375,241353,1924920809,3809858106,,
Santa Catarina,Sul,2023,44714,90671,921909291,1431193740,,
Rio Grande do Sul,Sul,2023,114584,231403,2177594431,3652962174,,
Mato Grosso do Sul,Centro Oeste,2023,47640,95579,719986695,1508579300,,
Mato Grosso,Centro Oeste,2023,46876,94110,754269966,1485392376,,
Goiás,Centro Oeste,2023,89181,179892,1516288509,2839127953,,
Distrito Federal,Centro Oeste,2023,31168,62887,506756886,992592236,,